"Product Type","Products"
"Dress","368"
"Cover Up","231"
"Romper","4"
"Girls Bikini-New","10"
"Bikini-New","187"
"One Piece-New","164"
"Tops","13"
"Pants","4"
"One Piece-Plus Size-New","23"
"Bikini Top-Plus Size-New","18"
"Bikini Bottom-Plus Size-New","18"
"Bikini-Plus Size-New","11"
"Bags","21"
"Necklace","7"
"Earrings","5"
"Ring","2"
"Swimming Ring","15"
"One Piece","325"
"Bikini","394"
"Bikini-Bottom","75"
"Bikini-Top","58"
"Sunglasses","12"
"Shoes","111"
"Bikini-Top-New","53"
"Bikini-Bottom-New","53"
"Girls One Piece-New","10"
"Bodysuit","93"
"Hat","16"
"Sports bras","46"
"Leggings","42"
"Matching sets","19"
"Sweatpants","22"
"Hair Tie","3"
"Sweatshirts","57"
"Rash guard-one piece-New","9"
"Headbands","2"
"Hoodies","38"
"Beach Blanket","35"
"One Piece-Plus Size","45"
"Sweaters","11"
"Rash guard-bikini-New","4"
"Rash guard-one piece","14"
"Scarf","6"
"Bikini Top-Plus Size","37"
"Bikini Bottom-Plus Size","39"
"Rash guard-bikini","22"
"Girls Bikini","17"
"collectionads sale","1"
"","2"
"Bikini-Plus Size","17"
"Girls One Piece","12"